Years,Age dependency ratio (% of working-age population),"Energy imports, net (% of energy use)",GDP growth (annual %),GDP per capita growth (annual %),"Inflation, GDP deflator (annual %)",Military expenditure (% of GDP),"Official exchange rate (LCU per US$, period average)","Population, female (% of total population)",Real interest rate (%),Trade (% of GDP),Urban population (% of total population),years_before_the_war
1960,77.7069677889498,,,,,4.31266261925412,4.7619000037619,46.0765727173867,,20.3931892012994,22.104,5
1961,78.0687977339578,,5.98734641929141,3.24971491199571,3.6464612869908,4.09789064099939,4.7619000037619,46.1195345105477,,20.2314791209912,22.501,4
1962,78.6852973926361,,4.48285862750326,1.80364067918669,0.15994817784113,3.65587277256179,4.7619000037619,46.1609538042594,,21.0913520097442,22.751,3
1963,79.6428670038074,,8.68883151825786,5.84972077942716,-1.14926605359558,3.64841297523544,4.7619000037619,46.2049647329935,,23.9887538545257,23.002,2
1964,81.0257819209402,,7.56975744902432,4.70640502795456,4.48844647762694,3.86589013064694,4.7619000037619,46.2549566929134,,23.1259582022109,23.256,1
1965,82.5342747726101,,10.4193658220408,7.43938016331487,3.16588265326953,5.90466788887322,4.7619000037619,46.3089962117458,,24.0410837612892,23.511,0
