Years,Age dependency ratio (% of working-age population),"Energy imports, net (% of energy use)",GDP growth (annual %),GDP per capita growth (annual %),"Inflation, GDP deflator (annual %)",Military expenditure (% of GDP),"Official exchange rate (LCU per US$, period average)","Population, female (% of total population)",Real interest rate (%),Trade (% of GDP),Urban population (% of total population),years_before_the_war
1960,78.1963185263407,,,,,2.00401234567901,4.7619000037619,48.4168024191013,,11.2968331123897,17.924,5
1961,79.2466190568615,,3.72274253311053,1.26664879370229,2.14542764709287,2.07435972060536,4.7619000037619,48.3955323753301,,10.2611625948092,18.032,4
1962,80.3615159024236,,2.93112773548363,0.518501925930877,4.40561672938829,2.74540043290043,4.7619000037619,48.3792946473907,,10.2007901792472,18.218,3
1963,81.5177912967037,,5.99435326188559,3.53649105320284,8.35362388701878,4.02530602636535,4.7619000037619,48.368537774031,,10.1873378430933,18.405,2
1964,82.2853750137233,,7.45295012250209,4.96611887042545,8.55167696512851,3.81923698021801,4.7619000037619,48.359901384889,,9.41054892008962,18.595,1
1965,82.5509385087176,,-2.63577011020728,-4.80310349916745,8.30036940764349,3.87141491395794,4.7619000037619,48.3564497660154,,8.51903436951768,18.785,0
